/community      /community.html      200
/moments        /moments.html        200
/learning       /learning.html       200
/about          /about.html          200
/events         /events.html         200
/frontier       /frontier.html       200
/research       /research.html       200
/board          /board.html          200
/case           /case.html           200
/post-case      /post-case.html      200
/articles       /articles.html       200
/article        /article.html        200
/article-editor /article-editor.html 200
/search         /search.html         200
/experts        /experts.html        200
/flagship       /flagship.html       200
/partners       /partners.html       200
/sponsors       /sponsors.html       200
/sponsor        /sponsor.html        200
/notifications  /notifications.html  200
/favorites      /favorites.html      200
/experts-cn     /experts-cn.html     200
/experts-intl   /experts-intl.html   200
/core-team      /core-team.html      200
